OrigFileName	OrigCheckSum	BlindedCheckSum
assignment_1_student_3.pdf	f30f3971bc8b05d8bf0ea2172ab6434c	3bb1669687d8b2c909fb56ea43d92d37
student_1_assignment_1.pdf	cc254970e544d5326eca33b5d473dafb	6930a1dba86f9247a5539f45b6392b4e
student_2-assignment_1_.pdf	397e5ab5ee82c7a61328db943f6aa740	3d592c4948fd6bbd5d1298574fdc3a88
student_5-assignment_1.pdf	c1da3488e8ef7740483e8e42b94e3a64	6a3cd72962659329dda3da97c8bc8be3
student_4_assignment_1.pdf	ef25835bd6c4fb50a613fedae91474f8	8043a9cd7d0fc850586ade4cd705a887
student_6_assignment_1_.pdf	2ecc8dd2601ea77f3e222ca96b04cfe2	c601c05c768f998bfaef36f352722426
